id,name,sub1,sub2,sub3,sub4,sub5,sub6,total,average,grade,dept
1001,Mia Davis,52,51,73,54,72,92,394,65.67,C,CSE
1002,Noah Williams,84,86,43,43,50,95,401,66.83,C,ECE
1003,Sophia Brown,41,63,66,72,62,58,362,60.33,C,EEE
1004,Ava Davis,66,90,60,71,77,41,405,67.5,C,EEE
1005,Liam Jones,74,79,98,99,63,43,456,76.0,B,CSE
1006,Mia Smith,43,51,55,76,98,77,400,66.67,C,ISE
1007,Lucas Jones,81,63,78,53,95,95,465,77.5,B,EEE
1008,Liam Brown,99,54,54,53,89,100,449,74.83,B,EEE
1009,Ethan Jones,85,57,54,77,47,70,390,65.0,C,CSE
1010,Noah Johnson,80,60,47,76,85,95,443,73.83,B,CSE
1011,Mason Garcia,84,44,48,99,82,42,399,66.5,C,CSE
1012,Noah Garcia,66,42,77,86,48,90,409,68.17,C,CSE
1013,Mia Garcia,53,75,53,83,97,53,414,69.0,C,ISE
1014,Mason Johnson,40,50,73,87,53,51,354,59.0,D,ISE
1015,Ava Johnson,46,90,93,40,54,47,370,61.67,C,ISE
1016,Noah Williams,76,46,59,77,100,93,451,75.17,B,ECE
1017,Noah Williams,74,61,49,86,93,47,410,68.33,C,EEE
1018,Sophia Miller,84,62,55,97,43,90,431,71.83,B,EEE
1019,Ethan Miller,64,95,49,67,49,76,400,66.67,C,ECE
1020,Mason Jones,94,96,51,93,97,80,511,85.17,A,EEE
1021,Emma Davis,86,68,43,84,85,42,408,68.0,C,CSE
1022,Mason Jones,89,46,72,58,40,46,351,58.5,D,ISE
1023,Ava Smith,87,89,73,78,78,81,486,81.0,B,CSE
1024,Ava Smith,42,79,82,82,90,78,453,75.5,B,EEE
1025,Ava Garcia,69,74,78,51,89,87,448,74.67,B,CSE
1026,Mason Johnson,92,96,96,52,44,100,480,80.0,B,EEE
1027,Sophia Williams,66,86,66,87,99,52,456,76.0,B,EEE
1028,Noah Davis,63,84,76,97,73,89,482,80.33,B,EEE
1029,Liam Williams,62,66,87,63,42,82,402,67.0,C,EEE
1030,Ava Miller,55,89,87,83,58,69,441,73.5,B,ECE
1031,Lucas Garcia,74,45,64,100,44,66,393,65.5,C,ISE
1032,Ava Johnson,87,48,67,80,78,88,448,74.67,B,EEE
1033,Liam Garcia,92,93,95,92,95,60,527,87.83,A,ECE
1034,Liam Jones,85,66,59,78,60,60,408,68.0,C,ECE
1035,Emma Smith,93,43,66,93,55,49,399,66.5,C,CSE
1036,Olivia Davis,45,96,68,94,63,50,416,69.33,C,ISE
1037,Mia Smith,87,87,43,56,83,41,397,66.17,C,EEE
1038,Mia Brown,73,62,84,68,99,74,460,76.67,B,ECE
1039,Emma Brown,43,80,47,70,60,78,378,63.0,C,CSE
1040,Emma Brown,82,73,53,94,73,86,461,76.83,B,CSE
1041,Sophia Smith,40,56,89,58,40,44,327,54.5,D,ECE
1042,Olivia Davis,50,52,57,58,65,63,345,57.5,D,EEE
1043,Mia Smith,90,93,64,53,77,97,474,79.0,B,ISE
1044,Noah Smith,55,44,74,70,85,45,373,62.17,C,EEE
1045,Ava Garcia,45,93,42,72,52,42,346,57.67,D,ISE
1046,Mia Davis,79,54,98,100,68,62,461,76.83,B,EEE
1047,Mia Williams,68,78,75,86,51,83,441,73.5,B,CSE
1048,Ethan Garcia,93,89,56,72,59,60,429,71.5,B,CSE
1049,Lucas Davis,93,40,59,98,69,63,422,70.33,B,ECE
1050,Noah Johnson,85,74,56,77,77,87,456,76.0,B,ISE
1051,Sophia Smith,63,74,88,99,91,99,514,85.67,A,EEE
1052,Mason Garcia,70,61,90,55,91,97,464,77.33,B,EEE
1053,Ethan Miller,90,88,84,40,86,89,477,79.5,B,CSE
1054,Lucas Garcia,100,98,90,47,94,86,515,85.83,A,ISE
1055,Olivia Jones,49,76,57,100,64,50,396,66.0,C,CSE
1056,Ava Davis,84,42,96,94,88,80,484,80.67,B,EEE
1057,Liam Miller,68,65,67,82,80,73,435,72.5,B,ECE
1058,Ava Smith,87,59,77,97,50,94,464,77.33,B,ECE
1059,Noah Johnson,57,62,93,93,84,52,441,73.5,B,EEE
1060,Mia Jones,91,45,76,72,50,41,375,62.5,C,CSE
1061,Noah Miller,80,50,86,71,45,91,423,70.5,B,ECE
1062,Mason Davis,71,79,94,83,44,62,433,72.17,B,CSE
1063,Mason Davis,90,59,85,46,69,62,411,68.5,C,ECE
1064,Noah Johnson,70,94,90,69,74,56,453,75.5,B,ISE
1065,Olivia Johnson,53,45,78,77,71,99,423,70.5,B,ECE
1066,Mia Garcia,82,69,89,40,91,100,471,78.5,B,ISE
1067,Mason Miller,74,75,60,71,49,98,427,71.17,B,CSE
1068,Mia Williams,42,80,81,84,71,59,417,69.5,C,ISE
1069,Liam Jones,79,45,64,92,49,49,378,63.0,C,ISE
1070,Emma Williams,43,91,45,82,62,81,404,67.33,C,CSE
1071,Ethan Johnson,41,67,92,91,57,97,445,74.17,B,CSE
1072,Mason Miller,47,87,99,75,54,57,419,69.83,C,EEE
1073,Sophia Brown,74,71,65,97,64,67,438,73.0,B,CSE
1074,Olivia Smith,44,87,72,84,69,95,451,75.17,B,ECE
1075,Liam Brown,79,55,90,58,82,67,431,71.83,B,ECE
1076,Ethan Williams,73,54,44,98,40,88,397,66.17,C,ISE
1077,Ava Smith,93,72,65,67,89,43,429,71.5,B,CSE
1078,Noah Garcia,78,84,65,72,100,79,478,79.67,B,EEE
1079,Olivia Smith,87,96,54,84,56,84,461,76.83,B,ECE
1080,Emma Miller,71,86,98,95,66,61,477,79.5,B,ISE
1081,Emma Garcia,53,74,87,83,47,80,424,70.67,B,EEE
1082,Ethan Jones,40,77,97,73,76,99,462,77.0,B,CSE
1083,Lucas Davis,54,47,92,70,90,61,414,69.0,C,ISE
1084,Noah Johnson,50,41,62,65,67,44,329,54.83,D,CSE
1085,Sophia Garcia,90,40,91,47,40,47,355,59.17,D,ISE
1086,Sophia Williams,43,77,96,41,99,70,426,71.0,B,ISE
1087,Olivia Brown,44,85,78,50,77,91,425,70.83,B,ECE
1088,Ava Garcia,67,99,44,96,91,65,462,77.0,B,ISE
1089,Olivia Brown,86,92,74,75,96,47,470,78.33,B,CSE
1090,Olivia Johnson,56,93,67,79,71,55,421,70.17,B,CSE
1091,Noah Smith,74,58,53,99,53,83,420,70.0,B,ECE
1092,Ava Miller,62,70,77,41,48,42,340,56.67,D,ISE
1093,Emma Williams,55,64,80,96,64,82,441,73.5,B,ISE
1094,Sophia Johnson,58,83,58,62,80,48,389,64.83,C,CSE
1095,Mia Miller,82,65,67,55,98,89,456,76.0,B,ISE
1096,Liam Garcia,71,64,95,65,45,82,422,70.33,B,CSE
1097,Mason Davis,70,87,56,100,46,99,458,76.33,B,EEE
1098,Sophia Johnson,82,97,46,93,63,76,457,76.17,B,CSE
1099,Liam Johnson,96,45,79,83,44,97,444,74.0,B,EEE
1100,Olivia Miller,52,44,87,68,88,99,438,73.0,B,ISE
1101,Liam Smith,83,69,69,79,57,98,455,75.83,B,ISE
1102,Lucas Miller,52,49,41,44,74,95,355,59.17,D,ISE
1103,Ethan Johnson,94,48,41,90,99,77,449,74.83,B,ISE
1104,Noah Miller,60,45,90,59,78,89,421,70.17,B,EEE
1105,Lucas Jones,77,41,89,60,84,44,395,65.83,C,ISE
1106,Ava Williams,97,41,46,69,90,59,402,67.0,C,EEE
1107,Mason Smith,94,78,68,62,59,40,401,66.83,C,CSE
1108,Mason Jones,42,50,44,96,74,71,377,62.83,C,ISE
1109,Ava Johnson,100,55,84,60,48,90,437,72.83,B,EEE
1110,Mason Garcia,68,89,79,93,74,95,498,83.0,B,EEE
1111,Ethan Williams,81,76,96,50,41,81,425,70.83,B,ECE
1112,Ethan Miller,43,80,40,91,54,83,391,65.17,C,ISE
1113,Emma Miller,65,58,92,46,95,76,432,72.0,B,EEE
1114,Emma Jones,83,66,57,71,66,97,440,73.33,B,CSE
1115,Ava Davis,91,59,78,71,66,44,409,68.17,C,EEE
1116,Olivia Garcia,92,70,100,42,64,95,463,77.17,B,EEE
1117,Ethan Smith,80,69,95,84,45,86,459,76.5,B,EEE
1118,Lucas Williams,97,41,68,66,91,85,448,74.67,B,ISE
1119,Sophia Smith,43,84,83,79,87,75,451,75.17,B,EEE
1120,Lucas Smith,81,43,56,86,61,62,389,64.83,C,CSE
1121,Olivia Johnson,64,80,96,79,67,61,447,74.5,B,ISE
1122,Emma Miller,62,85,85,91,72,45,440,73.33,B,CSE
1123,Sophia Johnson,83,50,52,53,90,80,408,68.0,C,ISE
1124,Liam Brown,47,99,67,91,76,71,451,75.17,B,ISE
1125,Olivia Garcia,95,51,73,73,74,77,443,73.83,B,ECE
1126,Emma Davis,40,59,50,70,65,90,374,62.33,C,EEE
1127,Olivia Smith,56,61,48,74,94,70,403,67.17,C,ECE
1128,Sophia Miller,82,93,51,45,46,99,416,69.33,C,ECE
1129,Ava Williams,82,96,71,89,77,60,475,79.17,B,ECE
1130,Sophia Davis,44,70,76,89,49,47,375,62.5,C,EEE
1131,Lucas Johnson,69,94,55,83,76,53,430,71.67,B,ISE
1132,Noah Williams,81,42,41,88,95,71,418,69.67,C,CSE
1133,Ethan Garcia,65,91,59,43,70,76,404,67.33,C,ISE
1134,Olivia Brown,71,63,70,98,72,58,432,72.0,B,EEE
1135,Ethan Williams,43,70,51,53,70,58,345,57.5,D,ECE
1136,Noah Garcia,99,69,62,89,42,79,440,73.33,B,ECE
1137,Lucas Jones,77,86,47,56,47,53,366,61.0,C,ISE
1138,Mason Williams,43,95,49,83,77,93,440,73.33,B,CSE
1139,Mia Jones,41,76,93,45,97,42,394,65.67,C,ECE
1140,Mason Brown,62,83,52,94,76,69,436,72.67,B,ISE
1141,Noah Smith,78,55,56,45,93,99,426,71.0,B,ISE
1142,Ethan Davis,45,95,72,57,67,70,406,67.67,C,ECE
1143,Liam Miller,78,93,47,40,98,100,456,76.0,B,CSE
1144,Mason Johnson,52,83,87,70,84,88,464,77.33,B,EEE
1145,Olivia Jones,40,86,98,76,95,56,451,75.17,B,ISE
1146,Emma Davis,48,98,83,84,54,51,418,69.67,C,CSE
1147,Ava Smith,59,70,100,95,69,77,470,78.33,B,ISE
1148,Lucas Williams,60,49,43,52,57,78,339,56.5,D,EEE
1149,Liam Jones,55,46,85,70,57,88,401,66.83,C,ECE
1150,Liam Williams,91,73,79,48,63,68,422,70.33,B,CSE
1151,Mia Jones,80,90,67,49,50,59,395,65.83,C,ISE
1152,Olivia Smith,40,42,59,75,45,91,352,58.67,D,CSE
1153,Lucas Jones,73,67,99,93,89,68,489,81.5,B,ISE
1154,Sophia Johnson,83,85,63,43,97,100,471,78.5,B,ECE
1155,Noah Davis,49,80,41,74,81,54,379,63.17,C,CSE
1156,Olivia Smith,82,56,80,75,92,45,430,71.67,B,ECE
1157,Mason Smith,72,61,75,55,79,87,429,71.5,B,ISE
1158,Mia Brown,100,71,47,84,42,83,427,71.17,B,CSE
1159,Noah Brown,66,91,83,64,53,45,402,67.0,C,CSE
1160,Emma Smith,99,75,53,54,56,50,387,64.5,C,ISE
1161,Mia Garcia,73,60,43,57,74,72,379,63.17,C,ECE
1162,Lucas Jones,82,49,86,78,81,79,455,75.83,B,ISE
1163,Ava Miller,83,54,54,86,43,68,388,64.67,C,EEE
1164,Sophia Jones,40,68,82,88,57,53,388,64.67,C,CSE
1165,Liam Davis,69,56,77,73,87,47,409,68.17,C,EEE
1166,Noah Smith,43,60,76,44,52,73,348,58.0,D,CSE
1167,Lucas Davis,42,75,77,70,43,59,366,61.0,C,EEE
1168,Sophia Brown,73,80,53,100,64,65,435,72.5,B,CSE
1169,Sophia Garcia,81,76,80,45,67,52,401,66.83,C,EEE
1170,Sophia Brown,41,93,78,56,91,72,431,71.83,B,ECE
1171,Ava Garcia,51,54,83,86,65,68,407,67.83,C,CSE
1172,Ethan Johnson,91,49,42,83,54,65,384,64.0,C,ISE
1173,Olivia Miller,58,61,81,85,71,94,450,75.0,B,ISE
1174,Ava Smith,85,89,63,70,51,47,405,67.5,C,EEE
1175,Noah Davis,87,69,85,86,99,76,502,83.67,B,CSE
1176,Ethan Davis,83,96,54,56,78,50,417,69.5,C,EEE
1177,Emma Miller,73,56,51,88,81,93,442,73.67,B,ECE
1178,Mason Johnson,65,90,90,98,91,100,534,89.0,A,ECE
1179,Ethan Williams,47,80,63,96,57,81,424,70.67,B,ISE
1180,Mia Davis,87,92,83,58,56,94,470,78.33,B,EEE
1181,Liam Jones,90,61,54,82,54,54,395,65.83,C,EEE
1182,Ethan Jones,96,61,94,82,75,51,459,76.5,B,ECE
1183,Mia Miller,96,51,47,44,83,74,395,65.83,C,ECE
1184,Emma Williams,100,99,55,49,62,56,421,70.17,B,ISE
1185,Mia Davis,69,54,63,94,54,58,392,65.33,C,ISE
1186,Mason Davis,80,83,94,71,82,66,476,79.33,B,ISE
1187,Sophia Miller,90,71,47,81,94,62,445,74.17,B,ISE
1188,Emma Brown,85,69,67,60,88,45,414,69.0,C,ISE
1189,Mia Williams,46,43,68,98,99,72,426,71.0,B,CSE
1190,Mia Jones,47,79,61,60,57,93,397,66.17,C,EEE
1191,Olivia Williams,46,74,85,62,98,84,449,74.83,B,ISE
1192,Lucas Davis,89,70,51,77,66,97,450,75.0,B,ECE
1193,Sophia Garcia,62,45,56,74,50,81,368,61.33,C,ISE
1194,Sophia Garcia,70,50,97,81,63,85,446,74.33,B,ISE
1195,Ava Garcia,48,86,79,94,72,95,474,79.0,B,CSE
1196,Emma Davis,51,98,58,74,92,44,417,69.5,C,ISE
1197,Olivia Brown,49,62,86,78,65,56,396,66.0,C,EEE
1198,Lucas Garcia,51,59,84,81,65,96,436,72.67,B,CSE
1199,Ethan Miller,71,96,96,46,57,82,448,74.67,B,ISE
1200,Sophia Johnson,43,43,77,76,53,74,366,61.0,C,ISE
1201,Emma Garcia,64,74,67,49,61,78,393,65.5,C,ISE
1202,Olivia Williams,58,83,52,87,86,94,460,76.67,B,EEE
1203,Liam Brown,48,91,65,70,53,45,372,62.0,C,EEE
1204,Mia Miller,67,91,84,45,50,73,410,68.33,C,ECE
1205,Sophia Johnson,47,73,62,48,43,84,357,59.5,D,ISE
1206,Noah Garcia,64,97,99,95,48,68,471,78.5,B,ECE
1207,Sophia Williams,95,84,54,89,63,83,468,78.0,B,ECE
1208,Ava Smith,68,68,47,96,79,58,416,69.33,C,CSE
1209,Mason Brown,54,71,58,40,57,59,339,56.5,D,ECE
1210,Noah Brown,63,85,88,94,45,84,459,76.5,B,EEE
1211,Lucas Smith,87,90,97,85,61,43,463,77.17,B,ECE
1212,Mia Garcia,53,95,50,82,83,48,411,68.5,C,EEE
1213,Ava Smith,69,98,83,55,90,42,437,72.83,B,ECE
1214,Ava Williams,41,88,87,74,44,63,397,66.17,C,EEE
1215,Mia Miller,45,81,91,91,88,40,436,72.67,B,CSE
1216,Ethan Miller,80,57,42,61,93,50,383,63.83,C,ECE
1217,Noah Garcia,67,96,67,50,43,71,394,65.67,C,CSE
1218,Mia Johnson,77,80,98,100,62,95,512,85.33,A,EEE
1219,Emma Smith,78,84,78,84,68,69,461,76.83,B,ECE
1220,Noah Williams,42,63,92,88,61,66,412,68.67,C,ECE
1221,Sophia Williams,77,69,68,96,75,96,481,80.17,B,EEE
1222,Noah Garcia,46,64,86,72,57,93,418,69.67,C,EEE
1223,Liam Williams,81,77,93,77,81,79,488,81.33,B,ECE
1224,Noah Davis,84,54,68,75,49,91,421,70.17,B,CSE
1225,Sophia Smith,77,65,42,75,83,83,425,70.83,B,EEE
1226,Olivia Williams,48,53,94,46,69,50,360,60.0,C,ECE
1227,Olivia Miller,52,94,69,43,45,73,376,62.67,C,ISE
1228,Mia Brown,82,93,96,100,95,80,546,91.0,A,ECE
1229,Lucas Williams,100,59,98,92,94,64,507,84.5,B,CSE
1230,Mia Davis,65,59,70,66,85,89,434,72.33,B,CSE
1231,Ethan Smith,85,93,52,67,59,80,436,72.67,B,EEE
1232,Liam Davis,73,60,53,68,68,63,385,64.17,C,ECE
1233,Olivia Jones,75,49,75,60,79,64,402,67.0,C,ISE
1234,Noah Jones,53,55,90,73,63,70,404,67.33,C,ISE
1235,Sophia Brown,47,98,91,86,92,44,458,76.33,B,EEE
1236,Olivia Garcia,50,49,58,91,93,69,410,68.33,C,ISE
1237,Liam Jones,95,91,60,96,55,83,480,80.0,B,ISE
1238,Sophia Davis,43,52,93,41,48,69,346,57.67,D,EEE
1239,Mia Williams,99,85,63,100,69,98,514,85.67,A,ISE
1240,Noah Johnson,70,54,100,44,96,87,451,75.17,B,CSE
1241,Lucas Miller,79,91,89,90,83,82,514,85.67,A,ECE
1242,Sophia Williams,45,47,97,83,49,43,364,60.67,C,EEE
1243,Liam Smith,80,79,88,40,66,78,431,71.83,B,CSE
1244,Liam Johnson,42,78,98,47,55,82,402,67.0,C,ECE
1245,Liam Williams,49,54,95,46,62,91,397,66.17,C,ECE
1246,Mason Johnson,43,63,41,68,44,56,315,52.5,D,EEE
1247,Mia Garcia,70,63,94,56,58,57,398,66.33,C,EEE
1248,Ethan Garcia,94,93,95,72,60,83,497,82.83,B,ECE
1249,Lucas Brown,63,73,56,54,71,56,373,62.17,C,ECE
1250,Ava Johnson,85,41,43,95,98,57,419,69.83,C,EEE
1251,Lucas Jones,71,55,64,81,96,42,409,68.17,C,ISE
1252,Ethan Williams,82,78,77,90,52,56,435,72.5,B,EEE
1253,Emma Johnson,76,95,81,84,73,68,477,79.5,B,CSE
1254,Lucas Brown,75,70,81,46,50,78,400,66.67,C,ISE
1255,Lucas Smith,48,81,68,90,79,75,441,73.5,B,ECE
1256,Lucas Smith,43,93,98,97,75,87,493,82.17,B,ECE
1257,Noah Garcia,40,53,50,49,85,89,366,61.0,C,EEE
1258,Olivia Garcia,95,93,77,93,86,86,530,88.33,A,CSE
1259,Ava Miller,81,84,87,72,87,76,487,81.17,B,CSE
1260,Olivia Brown,81,100,45,58,48,72,404,67.33,C,CSE
1261,Sophia Williams,77,81,61,73,40,74,406,67.67,C,ISE
1262,Mason Jones,53,45,71,59,60,61,349,58.17,D,ISE
1263,Olivia Williams,47,40,75,46,68,68,344,57.33,D,CSE
1264,Sophia Johnson,40,88,60,80,46,45,359,59.83,D,CSE
1265,Emma Brown,69,72,92,91,97,63,484,80.67,B,CSE
1266,Emma Williams,57,72,83,51,52,91,406,67.67,C,ISE
1267,Sophia Williams,50,67,60,55,96,98,426,71.0,B,CSE
1268,Lucas Williams,92,89,44,93,82,46,446,74.33,B,ECE
1269,Ava Miller,57,42,98,52,60,60,369,61.5,C,CSE
1270,Emma Jones,93,97,95,85,62,75,507,84.5,B,ISE
1271,Olivia Davis,49,55,89,55,41,75,364,60.67,C,EEE
1272,Ethan Garcia,92,98,44,52,69,40,395,65.83,C,EEE
1273,Ethan Miller,87,77,77,88,58,98,485,80.83,B,ISE
1274,Mia Davis,79,94,46,76,77,98,470,78.33,B,ISE
1275,Sophia Brown,45,64,87,50,55,62,363,60.5,C,CSE
1276,Mason Brown,70,56,42,75,47,62,352,58.67,D,ISE
1277,Mason Smith,47,83,55,92,45,72,394,65.67,C,CSE
1278,Lucas Smith,73,62,71,76,46,67,395,65.83,C,ISE
1279,Mia Brown,92,82,51,92,71,60,448,74.67,B,EEE
1280,Noah Miller,80,88,63,50,80,46,407,67.83,C,ECE
1281,Sophia Williams,54,54,41,90,81,97,417,69.5,C,EEE
1282,Noah Williams,89,81,99,42,62,78,451,75.17,B,ISE
1283,Ethan Garcia,90,79,84,80,79,70,482,80.33,B,EEE
1284,Olivia Davis,53,76,80,52,69,64,394,65.67,C,EEE
1285,Mia Smith,53,44,46,75,92,57,367,61.17,C,ECE
1286,Olivia Garcia,60,59,95,70,80,62,426,71.0,B,ECE
1287,Mason Miller,88,82,76,96,85,49,476,79.33,B,ECE
1288,Noah Garcia,92,40,95,73,92,89,481,80.17,B,ISE
1289,Mason Jones,72,47,54,91,76,72,412,68.67,C,ISE
1290,Liam Garcia,72,91,85,58,46,82,434,72.33,B,CSE
1291,Mia Brown,55,53,50,90,71,98,417,69.5,C,ISE
1292,Noah Brown,65,42,41,88,90,77,403,67.17,C,EEE
1293,Mia Garcia,100,88,84,75,82,84,513,85.5,A,CSE
1294,Lucas Brown,95,72,70,87,45,80,449,74.83,B,ECE
1295,Mia Davis,43,79,47,66,98,100,433,72.17,B,ISE
1296,Liam Davis,83,87,59,44,75,61,409,68.17,C,CSE
1297,Emma Smith,94,64,48,89,62,99,456,76.0,B,EEE
1298,Liam Miller,68,79,88,91,75,91,492,82.0,B,CSE
1299,Mia Miller,65,61,48,53,59,76,362,60.33,C,ECE
1300,Mia Smith,74,46,50,100,88,49,407,67.83,C,ISE
1301,Noah Jones,46,61,41,72,94,93,407,67.83,C,ECE
1302,Liam Jones,63,44,71,49,59,56,342,57.0,D,EEE
1303,Emma Brown,78,90,90,78,61,85,482,80.33,B,CSE
1304,Mason Davis,45,68,46,42,93,86,380,63.33,C,ECE
1305,Ava Johnson,76,77,80,76,63,69,441,73.5,B,ECE
1306,Ava Garcia,95,73,53,91,45,79,436,72.67,B,CSE
1307,Emma Johnson,92,59,65,51,90,64,421,70.17,B,EEE
1308,Sophia Garcia,54,81,60,97,42,71,405,67.5,C,ISE
1309,Sophia Smith,46,63,92,60,81,86,428,71.33,B,EEE
1310,Olivia Johnson,91,48,60,55,61,73,388,64.67,C,CSE
1311,Lucas Jones,81,99,98,49,92,78,497,82.83,B,CSE
1312,Ethan Smith,81,71,55,94,68,86,455,75.83,B,CSE
1313,Ethan Miller,96,68,73,56,51,93,437,72.83,B,EEE
1314,Liam Garcia,65,97,43,54,79,73,411,68.5,C,ECE
1315,Liam Williams,100,76,90,88,93,98,545,90.83,A,ISE
1316,Sophia Jones,52,46,82,47,84,96,407,67.83,C,EEE
1317,Mia Davis,57,89,43,47,81,55,372,62.0,C,ISE
1318,Ethan Miller,43,98,74,94,90,98,497,82.83,B,EEE
1319,Ava Jones,84,88,69,89,88,65,483,80.5,B,ISE
1320,Lucas Smith,91,49,46,88,68,67,409,68.17,C,CSE
1321,Noah Jones,94,53,44,68,57,96,412,68.67,C,ECE
1322,Ethan Garcia,85,92,79,60,98,61,475,79.17,B,CSE
1323,Noah Smith,70,64,49,84,96,59,422,70.33,B,EEE
1324,Sophia Williams,92,53,80,70,68,63,426,71.0,B,ISE
1325,Mason Davis,79,49,88,53,93,86,448,74.67,B,CSE
1326,Lucas Davis,63,94,80,96,40,58,431,71.83,B,CSE
1327,Emma Williams,43,55,78,100,65,45,386,64.33,C,ISE
1328,Lucas Davis,61,89,99,86,40,61,436,72.67,B,CSE
1329,Liam Smith,64,69,87,82,52,40,394,65.67,C,EEE
1330,Sophia Brown,100,47,67,82,50,79,425,70.83,B,ECE
1331,Ethan Garcia,70,92,46,93,86,96,483,80.5,B,ECE
1332,Liam Jones,70,54,85,46,82,47,384,64.0,C,ECE
1333,Olivia Miller,41,78,85,50,45,68,367,61.17,C,EEE
1334,Mia Williams,49,55,99,61,95,81,440,73.33,B,EEE
1335,Noah Brown,83,98,69,67,54,82,453,75.5,B,ISE
1336,Olivia Johnson,47,100,81,72,89,63,452,75.33,B,EEE
1337,Olivia Johnson,48,41,73,43,68,60,333,55.5,D,ECE
1338,Liam Johnson,48,94,88,96,100,66,492,82.0,B,EEE
1339,Ethan Jones,57,56,52,95,98,54,412,68.67,C,ISE
1340,Noah Miller,98,92,53,93,77,75,488,81.33,B,ISE
1341,Lucas Johnson,62,70,56,42,55,42,327,54.5,D,ECE
1342,Noah Davis,94,70,67,80,83,84,478,79.67,B,CSE
1343,Sophia Davis,61,76,92,96,68,86,479,79.83,B,ISE
1344,Mason Jones,71,85,85,53,61,74,429,71.5,B,EEE
1345,Mason Garcia,84,96,93,80,99,54,506,84.33,B,CSE
1346,Liam Johnson,46,61,73,43,67,82,372,62.0,C,ISE
1347,Emma Johnson,66,60,47,67,43,75,358,59.67,D,ISE
1348,Ethan Miller,62,47,64,65,74,77,389,64.83,C,EEE
1349,Emma Davis,79,55,97,92,78,80,481,80.17,B,ISE
1350,Ava Williams,82,65,51,46,44,67,355,59.17,D,CSE
1351,Noah Smith,55,47,54,89,81,52,378,63.0,C,ISE
1352,Ava Brown,59,61,92,60,51,86,409,68.17,C,ECE
1353,Mason Johnson,92,62,41,98,77,99,469,78.17,B,ISE
1354,Liam Brown,72,62,43,53,80,53,363,60.5,C,ECE
1355,Ava Miller,81,72,79,70,79,84,465,77.5,B,ISE
1356,Mason Johnson,64,43,76,54,47,45,329,54.83,D,ISE
1357,Noah Garcia,44,95,72,55,57,66,389,64.83,C,ISE
1358,Mason Jones,93,86,100,51,56,47,433,72.17,B,ECE
1359,Mia Williams,49,66,42,42,63,84,346,57.67,D,EEE
1360,Mia Smith,77,73,75,56,87,97,465,77.5,B,ISE
1361,Ethan Johnson,73,92,49,52,81,87,434,72.33,B,ISE
1362,Mia Miller,98,52,63,45,73,40,371,61.83,C,CSE
1363,Sophia Jones,58,85,45,76,43,60,367,61.17,C,ECE
1364,Olivia Johnson,86,48,97,41,73,48,393,65.5,C,ECE
1365,Ava Miller,78,91,47,94,90,41,441,73.5,B,EEE
1366,Olivia Johnson,46,97,98,66,87,86,480,80.0,B,ECE
1367,Olivia Miller,65,100,91,79,42,85,462,77.0,B,EEE
1368,Lucas Davis,78,91,75,65,81,79,469,78.17,B,ECE
1369,Ethan Brown,71,40,67,42,100,79,399,66.5,C,EEE
1370,Liam Brown,78,48,44,53,97,87,407,67.83,C,EEE
1371,Sophia Williams,71,82,46,55,66,42,362,60.33,C,EEE
1372,Mia Williams,49,44,90,52,85,81,401,66.83,C,CSE
1373,Ethan Smith,52,53,51,88,56,49,349,58.17,D,ECE
1374,Ava Williams,88,56,57,41,94,65,401,66.83,C,EEE
1375,Ethan Davis,44,70,94,100,71,68,447,74.5,B,ECE
1376,Ethan Smith,70,53,85,44,79,58,389,64.83,C,ISE
1377,Ava Jones,42,99,84,62,68,90,445,74.17,B,EEE
1378,Emma Johnson,81,95,99,94,54,100,523,87.17,A,ECE
1379,Ethan Williams,56,98,96,75,87,54,466,77.67,B,CSE
1380,Ethan Garcia,64,61,64,84,61,77,411,68.5,C,ECE
1381,Noah Miller,62,99,41,59,75,40,376,62.67,C,ISE
1382,Liam Davis,40,75,73,84,81,48,401,66.83,C,EEE
1383,Emma Miller,58,56,55,62,84,42,357,59.5,D,ISE
1384,Ava Smith,40,59,96,73,43,44,355,59.17,D,ECE
1385,Sophia Miller,46,53,46,97,73,86,401,66.83,C,ISE
1386,Mason Jones,70,57,46,52,42,76,343,57.17,D,CSE
1387,Ava Garcia,69,51,79,51,66,100,416,69.33,C,CSE
1388,Emma Johnson,96,85,91,69,69,45,455,75.83,B,CSE
1389,Ava Garcia,67,94,69,56,47,49,382,63.67,C,EEE
1390,Olivia Jones,55,99,71,77,89,49,440,73.33,B,ISE
1391,Lucas Davis,84,54,48,68,91,40,385,64.17,C,EEE
1392,Ethan Johnson,92,100,71,42,99,60,464,77.33,B,ISE
1393,Mason Miller,50,60,43,79,41,45,318,53.0,D,ISE
1394,Olivia Brown,46,82,85,53,90,50,406,67.67,C,ECE
1395,Lucas Jones,65,90,46,92,56,55,404,67.33,C,ISE
1396,Ava Miller,77,93,79,88,100,55,492,82.0,B,ECE
1397,Mason Johnson,40,48,45,78,44,54,309,51.5,D,CSE
1398,Olivia Williams,58,98,83,48,70,66,423,70.5,B,CSE
1399,Lucas Davis,48,73,84,61,62,50,378,63.0,C,ECE
1400,Mia Johnson,77,91,98,99,57,69,491,81.83,B,CSE
1401,Lucas Williams,98,83,53,59,87,77,457,76.17,B,EEE
1402,Emma Brown,91,70,43,68,90,85,447,74.5,B,ECE
1403,Mia Johnson,79,72,71,57,56,65,400,66.67,C,ISE
1404,Noah Miller,89,51,40,74,74,74,402,67.0,C,CSE
1405,Mia Johnson,89,51,74,50,90,69,423,70.5,B,EEE
1406,Noah Jones,60,90,81,89,48,92,460,76.67,B,EEE
1407,Sophia Jones,54,69,57,86,48,81,395,65.83,C,ISE
1408,Sophia Smith,93,79,51,45,41,71,380,63.33,C,EEE
1409,Olivia Jones,76,73,95,68,99,85,496,82.67,B,ISE
1410,Mason Williams,52,62,85,50,40,91,380,63.33,C,EEE
1411,Noah Williams,46,83,95,73,96,45,438,73.0,B,EEE
1412,Mason Brown,89,92,86,71,45,93,476,79.33,B,ECE
1413,Ava Davis,79,65,52,92,59,65,412,68.67,C,ISE
1414,Ethan Jones,45,51,67,41,51,80,335,55.83,D,ISE
1415,Emma Miller,58,79,67,69,86,43,402,67.0,C,CSE
1416,Sophia Jones,87,74,89,67,55,57,429,71.5,B,ISE
1417,Emma Brown,88,83,73,57,58,65,424,70.67,B,EEE
1418,Emma Garcia,91,58,93,57,52,50,401,66.83,C,ISE
1419,Liam Johnson,44,54,62,99,84,78,421,70.17,B,EEE
1420,Emma Brown,71,84,60,66,84,76,441,73.5,B,CSE
1421,Liam Williams,54,75,65,100,83,41,418,69.67,C,CSE
1422,Sophia Garcia,54,70,82,57,42,64,369,61.5,C,ISE
1423,Sophia Jones,59,90,82,41,82,81,435,72.5,B,EEE
1424,Mia Davis,57,65,44,70,86,50,372,62.0,C,EEE
1425,Lucas Jones,99,42,91,79,83,86,480,80.0,B,ISE
1426,Ethan Williams,73,40,66,70,44,99,392,65.33,C,ISE
1427,Liam Jones,99,91,44,64,89,68,455,75.83,B,EEE
1428,Noah Jones,95,78,83,71,73,49,449,74.83,B,CSE
1429,Ava Brown,50,86,68,86,96,49,435,72.5,B,ECE
1430,Ava Davis,66,51,62,81,49,43,352,58.67,D,ECE
1431,Ethan Jones,84,79,51,54,73,75,416,69.33,C,EEE
1432,Lucas Davis,87,47,71,60,98,82,445,74.17,B,EEE
1433,Noah Johnson,77,99,65,41,57,94,433,72.17,B,EEE
1434,Lucas Miller,43,48,77,76,91,59,394,65.67,C,ISE
1435,Lucas Brown,44,55,51,85,50,68,353,58.83,D,CSE
1436,Ava Jones,63,83,82,74,43,60,405,67.5,C,ISE
1437,Sophia Brown,73,65,41,60,75,56,370,61.67,C,EEE
1438,Sophia Smith,57,65,43,68,53,63,349,58.17,D,ISE
1439,Sophia Johnson,95,100,59,77,73,90,494,82.33,B,EEE
1440,Ethan Brown,55,86,86,75,85,57,444,74.0,B,CSE
1441,Ava Garcia,93,56,91,80,70,95,485,80.83,B,EEE
1442,Noah Davis,75,55,45,76,61,69,381,63.5,C,CSE
1443,Mia Brown,59,51,57,77,51,46,341,56.83,D,ISE
1444,Mia Williams,95,52,42,95,68,47,399,66.5,C,EEE
1445,Liam Brown,58,100,83,73,93,77,484,80.67,B,EEE
1446,Mason Garcia,77,64,84,69,57,48,399,66.5,C,ISE
1447,Sophia Johnson,63,79,57,69,66,47,381,63.5,C,EEE
1448,Ava Johnson,69,40,45,75,56,45,330,55.0,D,EEE
1449,Noah Johnson,88,60,66,43,99,50,406,67.67,C,CSE
1450,Liam Smith,72,92,87,64,56,59,430,71.67,B,ECE
1451,Ava Smith,41,87,90,76,41,82,417,69.5,C,ISE
1452,Mia Smith,72,93,69,84,69,71,458,76.33,B,CSE
1453,Liam Jones,48,89,57,67,43,81,385,64.17,C,ISE
1454,Ethan Brown,95,56,94,46,93,74,458,76.33,B,EEE
1455,Liam Garcia,72,74,69,47,40,93,395,65.83,C,EEE
1456,Lucas Miller,50,90,82,84,48,64,418,69.67,C,ISE
1457,Olivia Smith,67,47,65,87,43,93,402,67.0,C,CSE
1458,Mason Johnson,88,98,77,88,76,68,495,82.5,B,ECE
1459,Ethan Miller,62,61,100,98,46,62,429,71.5,B,EEE
1460,Ethan Jones,100,49,57,49,48,41,344,57.33,D,ECE
1461,Liam Brown,85,46,43,50,54,45,323,53.83,D,EEE
1462,Liam Johnson,77,48,56,79,47,85,392,65.33,C,EEE
1463,Emma Garcia,79,61,43,66,92,41,382,63.67,C,EEE
1464,Ava Davis,69,43,76,64,46,51,349,58.17,D,EEE
1465,Lucas Garcia,51,80,66,90,62,45,394,65.67,C,CSE
1466,Olivia Johnson,42,88,71,96,76,71,444,74.0,B,CSE
1467,Liam Garcia,85,84,68,58,61,44,400,66.67,C,EEE
1468,Sophia Jones,65,92,63,72,46,71,409,68.17,C,EEE
1469,Ethan Garcia,84,82,95,76,51,73,461,76.83,B,ECE
1470,Ava Davis,93,95,94,59,41,74,456,76.0,B,EEE
1471,Lucas Miller,87,80,50,41,64,90,412,68.67,C,ECE
1472,Mia Smith,100,48,56,70,91,92,457,76.17,B,ECE
1473,Ethan Davis,99,50,98,47,94,84,472,78.67,B,ISE
1474,Ethan Davis,91,70,41,79,67,64,412,68.67,C,ISE
1475,Liam Miller,88,64,73,67,54,98,444,74.0,B,ECE
1476,Olivia Williams,66,88,96,88,87,76,501,83.5,B,ISE
1477,Mason Davis,64,94,76,77,56,45,412,68.67,C,ISE
1478,Olivia Davis,42,67,47,95,56,50,357,59.5,D,EEE
1479,Ava Smith,56,53,86,51,53,91,390,65.0,C,ECE
1480,Ethan Garcia,69,67,90,81,90,74,471,78.5,B,CSE
1481,Lucas Williams,41,40,74,98,62,56,371,61.83,C,EEE
1482,Lucas Williams,53,49,75,90,44,63,374,62.33,C,EEE
1483,Mason Jones,92,90,41,54,93,50,420,70.0,B,ECE
1484,Lucas Smith,81,81,72,58,92,54,438,73.0,B,ISE
1485,Sophia Smith,87,47,44,73,82,69,402,67.0,C,ISE
1486,Ethan Miller,69,60,43,84,58,77,391,65.17,C,EEE
1487,Ava Johnson,53,76,80,81,75,90,455,75.83,B,CSE
1488,Olivia Smith,70,52,77,59,48,67,373,62.17,C,CSE
1489,Liam Miller,88,62,78,63,46,73,410,68.33,C,CSE
1490,Lucas Miller,97,52,100,61,55,77,442,73.67,B,ECE
1491,Mason Davis,64,78,87,60,55,81,425,70.83,B,EEE
1492,Liam Davis,79,80,80,91,78,40,448,74.67,B,ISE
1493,Mia Jones,43,98,71,85,91,99,487,81.17,B,ECE
1494,Mia Davis,46,45,72,53,41,46,303,50.5,D,ECE
1495,Ethan Johnson,96,86,55,85,63,88,473,78.83,B,ECE
1496,Emma Miller,76,77,95,84,77,56,465,77.5,B,CSE
1497,Olivia Brown,69,96,58,40,67,44,374,62.33,C,ISE
1498,Olivia Johnson,47,67,96,98,71,81,460,76.67,B,ECE
1499,Emma Brown,90,54,49,94,79,55,421,70.17,B,ISE
1500,Mia Miller,52,73,86,62,52,95,420,70.0,B,CSE
1501,Ethan Williams,76,79,75,93,78,51,452,75.33,B,CSE
1502,Emma Brown,100,86,65,49,98,51,449,74.83,B,CSE
1503,Olivia Miller,76,72,82,73,58,76,437,72.83,B,ECE
1504,Noah Williams,56,99,77,93,55,89,469,78.17,B,EEE
1505,Olivia Williams,60,76,93,80,46,96,451,75.17,B,ISE
1506,Emma Miller,60,66,68,60,84,92,430,71.67,B,EEE
1507,Noah Johnson,71,70,71,88,54,44,398,66.33,C,ISE
1508,Mia Davis,80,85,41,73,91,62,432,72.0,B,CSE
1509,Mason Davis,64,92,82,49,93,48,428,71.33,B,ISE
1510,Emma Miller,54,45,82,58,79,85,403,67.17,C,ECE
1511,Lucas Jones,87,76,77,54,73,60,427,71.17,B,ECE
1512,Noah Garcia,96,72,98,57,100,56,479,79.83,B,ECE
1513,Ethan Jones,60,42,81,59,69,56,367,61.17,C,CSE
1514,Lucas Smith,58,76,51,67,87,40,379,63.17,C,ISE
1515,Lucas Jones,64,41,47,45,71,64,332,55.33,D,ISE
1516,Lucas Smith,64,55,75,94,61,74,423,70.5,B,ECE
1517,Sophia Miller,80,60,98,93,74,76,481,80.17,B,CSE
1518,Emma Johnson,78,87,90,81,51,97,484,80.67,B,CSE
1519,Olivia Smith,46,55,65,88,75,72,401,66.83,C,ISE
1520,Sophia Smith,45,70,92,61,89,50,407,67.83,C,EEE
1521,Lucas Miller,76,77,50,77,75,62,417,69.5,C,ECE
1522,Liam Miller,66,65,79,51,47,61,369,61.5,C,ISE
1523,Ethan Davis,66,81,41,90,48,65,391,65.17,C,ECE
1524,Ethan Brown,42,52,75,77,97,98,441,73.5,B,ECE
1525,Ava Williams,89,43,72,81,47,87,419,69.83,C,EEE
1526,Olivia Davis,59,61,73,67,57,97,414,69.0,C,ISE
1527,Emma Miller,50,68,72,42,44,58,334,55.67,D,EEE
1528,Mason Johnson,95,98,58,80,89,74,494,82.33,B,ECE
1529,Emma Williams,61,97,43,64,53,55,373,62.17,C,CSE
1530,Lucas Johnson,87,67,47,40,40,88,369,61.5,C,EEE
1531,Ethan Jones,77,51,54,69,89,44,384,64.0,C,CSE
1532,Lucas Williams,79,76,59,76,51,98,439,73.17,B,EEE
1533,Lucas Garcia,58,43,100,79,99,55,434,72.33,B,ISE
1534,Sophia Smith,85,51,55,86,54,99,430,71.67,B,ECE
1535,Sophia Miller,68,58,91,50,79,53,399,66.5,C,ISE
1536,Liam Johnson,98,54,40,55,79,98,424,70.67,B,EEE
1537,Noah Jones,63,59,96,68,85,40,411,68.5,C,CSE
1538,Noah Brown,68,52,55,41,67,80,363,60.5,C,ECE
1539,Olivia Miller,97,97,96,80,63,68,501,83.5,B,EEE
1540,Mia Brown,60,46,94,58,53,74,385,64.17,C,ECE
1541,Emma Williams,53,48,42,56,48,74,321,53.5,D,ECE
1542,Lucas Jones,46,85,49,62,49,67,358,59.67,D,CSE
1543,Ava Brown,75,60,65,75,87,59,421,70.17,B,ECE
1544,Mason Brown,77,88,41,70,93,49,418,69.67,C,ECE
1545,Lucas Smith,53,99,88,82,66,79,467,77.83,B,CSE
1546,Mia Brown,41,73,84,73,62,59,392,65.33,C,ECE
1547,Emma Johnson,73,99,99,48,93,62,474,79.0,B,ISE
1548,Sophia Jones,75,89,86,89,84,72,495,82.5,B,CSE
1549,Olivia Williams,57,44,49,68,53,96,367,61.17,C,ISE
1550,Emma Brown,99,59,43,81,92,46,420,70.0,B,ECE
1551,Ethan Williams,58,80,83,63,58,99,441,73.5,B,ISE
1552,Ava Johnson,53,76,60,91,99,43,422,70.33,B,ECE
1553,Olivia Johnson,81,83,61,97,89,86,497,82.83,B,ECE
1554,Liam Jones,58,99,66,46,62,55,386,64.33,C,ISE
1555,Mia Brown,49,96,89,81,58,99,472,78.67,B,ISE
1556,Olivia Jones,94,42,88,46,65,84,419,69.83,C,EEE
1557,Ethan Brown,77,60,63,74,95,54,423,70.5,B,ECE
1558,Lucas Smith,86,67,91,90,55,49,438,73.0,B,EEE
1559,Ethan Jones,64,81,50,51,48,67,361,60.17,C,EEE
1560,Mia Garcia,43,87,58,40,78,67,373,62.17,C,EEE
1561,Olivia Brown,89,93,70,78,41,63,434,72.33,B,CSE
1562,Mason Smith,90,44,84,45,40,70,373,62.17,C,CSE
1563,Olivia Davis,52,43,50,93,64,61,363,60.5,C,EEE
1564,Ava Williams,86,70,65,55,79,72,427,71.17,B,CSE
1565,Lucas Garcia,41,78,65,94,63,90,431,71.83,B,ECE
1566,Lucas Miller,59,84,63,85,45,45,381,63.5,C,CSE
1567,Sophia Smith,40,85,45,98,53,75,396,66.0,C,ISE
1568,Lucas Johnson,44,99,60,56,64,90,413,68.83,C,ISE
1569,Emma Miller,65,94,58,72,58,70,417,69.5,C,ISE
1570,Ethan Jones,52,57,96,80,88,70,443,73.83,B,ECE
1571,Emma Williams,69,95,98,79,65,74,480,80.0,B,CSE
1572,Mia Williams,82,60,48,63,48,100,401,66.83,C,EEE
1573,Liam Garcia,51,100,81,91,95,59,477,79.5,B,ECE
1574,Olivia Smith,69,99,91,70,84,77,490,81.67,B,ISE
1575,Sophia Williams,92,91,78,51,53,44,409,68.17,C,ISE
1576,Mason Smith,52,84,87,79,52,47,401,66.83,C,ISE
1577,Ava Davis,79,53,44,60,58,60,354,59.0,D,ECE
1578,Noah Brown,91,55,72,47,85,58,408,68.0,C,ECE
1579,Ava Brown,40,91,71,61,41,56,360,60.0,C,ISE
1580,Lucas Smith,56,61,68,69,41,70,365,60.83,C,CSE
1581,Mia Johnson,82,95,89,60,68,59,453,75.5,B,EEE
1582,Liam Miller,91,75,81,91,71,95,504,84.0,B,ECE
1583,Ava Jones,89,55,40,86,82,43,395,65.83,C,ECE
1584,Noah Brown,63,41,87,89,99,63,442,73.67,B,EEE
1585,Ethan Williams,95,93,71,79,62,98,498,83.0,B,CSE
1586,Mia Miller,59,68,98,94,94,51,464,77.33,B,CSE
1587,Liam Davis,79,52,55,90,96,100,472,78.67,B,EEE
1588,Ethan Jones,99,80,64,55,86,74,458,76.33,B,CSE
1589,Mia Williams,75,45,68,74,47,62,371,61.83,C,ISE
1590,Ethan Davis,52,44,67,52,86,55,356,59.33,D,EEE
1591,Ava Miller,83,44,82,92,80,57,438,73.0,B,EEE
1592,Mia Davis,63,89,50,60,75,71,408,68.0,C,ISE
1593,Liam Williams,70,44,53,75,41,58,341,56.83,D,EEE
1594,Sophia Brown,66,63,42,70,44,92,377,62.83,C,EEE
1595,Noah Smith,99,48,40,92,70,100,449,74.83,B,ISE
1596,Emma Johnson,73,68,42,88,44,87,402,67.0,C,EEE
1597,Ava Johnson,77,86,79,57,86,55,440,73.33,B,ISE
1598,Mason Davis,80,46,74,84,73,74,431,71.83,B,CSE
1599,Liam Jones,86,76,70,76,57,90,455,75.83,B,ECE
1600,Mason Johnson,82,58,91,79,72,66,448,74.67,B,ECE
1601,Noah Davis,76,97,71,71,47,77,439,73.17,B,ECE
1602,Ava Davis,91,87,93,91,53,43,458,76.33,B,ECE
1603,Ethan Williams,99,83,91,54,46,85,458,76.33,B,EEE
1604,Liam Smith,52,82,42,75,70,66,387,64.5,C,EEE
1605,Lucas Davis,98,95,67,59,51,45,415,69.17,C,ECE
1606,Ava Smith,46,61,56,93,94,46,396,66.0,C,ISE
1607,Mia Garcia,41,87,44,64,92,41,369,61.5,C,ECE
1608,Olivia Williams,88,76,64,44,93,62,427,71.17,B,CSE
1609,Mason Smith,49,74,77,59,88,52,399,66.5,C,CSE
1610,Ethan Davis,53,78,99,84,61,69,444,74.0,B,ECE
1611,Olivia Brown,65,41,85,87,68,84,430,71.67,B,CSE
1612,Ethan Johnson,51,92,98,54,41,81,417,69.5,C,ISE
1613,Ethan Miller,55,66,52,54,92,79,398,66.33,C,EEE
1614,Liam Johnson,61,60,100,96,93,91,501,83.5,B,EEE
1615,Mia Johnson,64,82,87,47,45,69,394,65.67,C,ECE
1616,Ethan Williams,83,82,59,53,64,40,381,63.5,C,EEE
1617,Lucas Brown,88,57,88,97,85,97,512,85.33,A,ECE
1618,Sophia Miller,69,94,40,44,90,91,428,71.33,B,EEE
1619,Olivia Davis,49,76,90,91,69,81,456,76.0,B,ISE
1620,Ava Williams,70,43,87,59,82,43,384,64.0,C,ISE
1621,Lucas Davis,93,93,48,49,63,100,446,74.33,B,CSE
1622,Mia Johnson,68,83,91,45,75,60,422,70.33,B,ISE
1623,Olivia Williams,56,60,71,65,90,48,390,65.0,C,CSE
1624,Noah Garcia,45,91,100,42,67,74,419,69.83,C,ECE
1625,Lucas Williams,45,87,83,79,70,98,462,77.0,B,ISE
1626,Lucas Smith,95,88,69,59,83,57,451,75.17,B,ECE
1627,Emma Brown,56,88,53,48,78,57,380,63.33,C,CSE
1628,Mia Williams,82,81,76,88,40,74,441,73.5,B,EEE
1629,Ava Davis,90,74,40,71,41,64,380,63.33,C,ISE
1630,Ethan Johnson,52,66,87,42,85,53,385,64.17,C,EEE
1631,Ava Smith,73,87,81,98,44,84,467,77.83,B,EEE
1632,Emma Johnson,77,99,56,97,66,93,488,81.33,B,ECE
1633,Mason Garcia,67,87,67,56,72,44,393,65.5,C,CSE
1634,Liam Davis,46,76,63,98,50,93,426,71.0,B,ECE
1635,Ethan Davis,70,94,46,79,99,98,486,81.0,B,EEE
1636,Mason Davis,66,55,83,60,51,45,360,60.0,C,ECE
1637,Emma Williams,74,64,58,66,100,40,402,67.0,C,ISE
1638,Sophia Smith,72,100,71,69,97,52,461,76.83,B,ISE
1639,Ava Davis,40,66,59,80,98,70,413,68.83,C,CSE
1640,Liam Williams,53,84,70,71,72,77,427,71.17,B,ECE
1641,Lucas Brown,68,90,74,76,98,94,500,83.33,B,EEE
1642,Noah Smith,100,73,66,94,55,42,430,71.67,B,ISE
1643,Ava Brown,70,85,68,40,79,40,382,63.67,C,EEE
1644,Sophia Jones,63,65,48,74,50,68,368,61.33,C,EEE
1645,Sophia Davis,80,44,61,63,91,49,388,64.67,C,EEE
1646,Liam Miller,40,66,41,75,82,63,367,61.17,C,ISE
1647,Sophia Miller,48,84,64,90,80,84,450,75.0,B,EEE
1648,Emma Garcia,47,46,80,68,46,89,376,62.67,C,EEE
1649,Mia Smith,81,95,64,86,42,93,461,76.83,B,ISE
1650,Mason Jones,41,76,47,96,90,80,430,71.67,B,CSE
1651,Liam Johnson,75,82,95,62,73,47,434,72.33,B,ECE
1652,Ethan Miller,94,60,81,58,80,67,440,73.33,B,ECE
1653,Sophia Davis,59,85,51,63,42,100,400,66.67,C,ECE
1654,Lucas Davis,75,64,55,52,74,51,371,61.83,C,ECE
1655,Emma Brown,54,88,93,56,41,85,417,69.5,C,ISE
1656,Sophia Miller,89,47,43,78,93,66,416,69.33,C,ECE
1657,Lucas Davis,77,57,100,50,91,71,446,74.33,B,ECE
1658,Mason Garcia,86,59,99,80,41,67,432,72.0,B,ECE
1659,Noah Williams,51,53,51,65,100,67,387,64.5,C,ISE
1660,Olivia Brown,97,45,94,48,76,88,448,74.67,B,ECE
1661,Emma Brown,73,51,54,53,96,71,398,66.33,C,CSE
1662,Emma Smith,58,96,57,55,82,48,396,66.0,C,CSE
1663,Emma Smith,47,75,42,89,76,41,370,61.67,C,ECE
1664,Mia Johnson,48,57,87,76,89,54,411,68.5,C,EEE
1665,Sophia Williams,64,61,88,81,58,72,424,70.67,B,EEE
1666,Ethan Williams,60,87,45,42,76,66,376,62.67,C,ISE
1667,Emma Miller,85,99,44,47,66,71,412,68.67,C,CSE
1668,Noah Garcia,80,59,69,63,82,51,404,67.33,C,ISE
1669,Ethan Davis,70,84,59,59,69,71,412,68.67,C,ISE
1670,Ava Johnson,72,59,100,86,52,50,419,69.83,C,ISE
1671,Noah Davis,48,100,99,73,83,52,455,75.83,B,EEE
1672,Mason Brown,70,49,89,79,57,77,421,70.17,B,ISE
1673,Ava Williams,74,43,44,70,44,47,322,53.67,D,ISE
1674,Ava Jones,73,75,78,89,80,49,444,74.0,B,CSE
1675,Olivia Garcia,94,40,99,99,52,46,430,71.67,B,ISE
1676,Liam Williams,100,83,96,69,74,96,518,86.33,A,EEE
1677,Ethan Brown,68,71,58,62,81,49,389,64.83,C,CSE
1678,Mia Garcia,51,66,73,56,93,49,388,64.67,C,EEE
1679,Mason Garcia,99,76,76,77,96,62,486,81.0,B,ECE
1680,Mason Brown,57,70,63,47,70,58,365,60.83,C,ISE
1681,Noah Garcia,98,76,57,93,73,52,449,74.83,B,ISE
1682,Ava Johnson,91,47,67,98,63,93,459,76.5,B,EEE
1683,Ava Smith,55,78,75,64,75,58,405,67.5,C,ISE
1684,Olivia Smith,52,88,58,89,77,82,446,74.33,B,EEE
1685,Ethan Johnson,77,77,55,65,93,71,438,73.0,B,ISE
1686,Liam Williams,97,69,59,55,50,59,389,64.83,C,ECE
1687,Noah Davis,47,60,65,46,93,100,411,68.5,C,EEE
1688,Liam Johnson,72,96,48,81,60,59,416,69.33,C,ECE
1689,Ethan Smith,81,65,54,89,77,55,421,70.17,B,EEE
1690,Noah Smith,58,84,72,80,59,49,402,67.0,C,EEE
1691,Mia Davis,100,46,50,46,43,88,373,62.17,C,CSE
1692,Olivia Brown,40,73,71,44,43,52,323,53.83,D,ECE
1693,Noah Smith,84,87,67,84,96,63,481,80.17,B,ECE
1694,Mia Davis,45,67,77,73,47,44,353,58.83,D,ISE
1695,Liam Smith,55,76,56,96,46,56,385,64.17,C,CSE
1696,Lucas Johnson,65,68,70,60,69,71,403,67.17,C,CSE
1697,Emma Brown,68,43,93,73,76,96,449,74.83,B,CSE
1698,Ava Smith,54,69,86,49,69,58,385,64.17,C,CSE
1699,Noah Smith,95,78,46,68,91,81,459,76.5,B,ISE
1700,Lucas Jones,51,43,50,49,51,69,313,52.17,D,CSE
1701,Sophia Davis,47,78,84,60,73,55,397,66.17,C,EEE
1702,Mia Johnson,41,86,89,52,43,53,364,60.67,C,CSE
1703,Ava Williams,56,42,95,40,61,98,392,65.33,C,ISE
1704,Lucas Smith,60,40,81,65,95,42,383,63.83,C,ECE
1705,Sophia Miller,43,73,93,61,98,68,436,72.67,B,CSE
1706,Ava Williams,65,92,64,48,100,72,441,73.5,B,CSE
1707,Emma Smith,87,40,61,76,91,76,431,71.83,B,CSE
1708,Emma Jones,82,61,43,66,58,74,384,64.0,C,EEE
1709,Mason Davis,66,98,95,98,60,73,490,81.67,B,ISE
1710,Noah Williams,75,66,74,45,77,79,416,69.33,C,CSE
1711,Lucas Williams,94,89,73,100,86,76,518,86.33,A,ISE
1712,Mason Williams,44,84,76,55,61,59,379,63.17,C,ECE
1713,Sophia Miller,98,97,95,46,58,57,451,75.17,B,CSE
1714,Ava Miller,95,85,54,56,45,65,400,66.67,C,ECE
1715,Olivia Davis,65,93,50,47,78,53,386,64.33,C,ECE
1716,Liam Brown,58,51,74,78,69,47,377,62.83,C,ISE
1717,Ethan Williams,43,43,91,58,49,56,340,56.67,D,CSE
1718,Noah Davis,61,49,50,88,50,76,374,62.33,C,CSE
1719,Emma Johnson,94,53,53,97,89,87,473,78.83,B,CSE
1720,Mia Johnson,68,88,80,92,67,86,481,80.17,B,ECE
1721,Olivia Garcia,72,94,67,59,66,72,430,71.67,B,ECE
1722,Ethan Miller,99,90,79,83,93,92,536,89.33,A,CSE
1723,Lucas Brown,62,70,73,90,87,87,469,78.17,B,ECE
1724,Emma Williams,80,79,79,54,92,50,434,72.33,B,EEE
1725,Lucas Davis,48,82,75,53,58,45,361,60.17,C,EEE
1726,Olivia Garcia,64,50,87,44,64,52,361,60.17,C,ISE
1727,Olivia Garcia,45,58,45,57,89,95,389,64.83,C,EEE
1728,Sophia Jones,45,69,85,94,97,59,449,74.83,B,ECE
1729,Mason Brown,77,92,68,82,71,98,488,81.33,B,ECE
1730,Mason Johnson,80,82,76,74,57,42,411,68.5,C,ISE
1731,Liam Jones,82,89,63,80,94,49,457,76.17,B,EEE
1732,Liam Brown,53,89,55,54,52,94,397,66.17,C,ECE
1733,Emma Brown,68,62,40,61,67,94,392,65.33,C,ECE
1734,Liam Jones,66,77,54,42,67,55,361,60.17,C,ISE
1735,Ava Johnson,40,82,87,63,55,60,387,64.5,C,EEE
1736,Ethan Jones,88,95,88,76,63,70,480,80.0,B,ECE
1737,Sophia Garcia,72,40,88,89,76,40,405,67.5,C,ECE
1738,Ava Johnson,56,55,69,58,59,53,350,58.33,D,CSE
1739,Ava Jones,42,76,55,82,73,80,408,68.0,C,ECE
1740,Noah Miller,84,47,66,54,87,97,435,72.5,B,EEE
1741,Noah Brown,56,92,58,70,58,87,421,70.17,B,EEE
1742,Noah Williams,59,71,66,65,93,64,418,69.67,C,CSE
1743,Liam Miller,77,50,79,53,44,78,381,63.5,C,EEE
1744,Lucas Jones,45,47,76,92,57,79,396,66.0,C,ISE
1745,Liam Miller,67,41,97,51,53,85,394,65.67,C,ECE
1746,Mason Garcia,61,60,45,96,94,57,413,68.83,C,ECE
1747,Ethan Garcia,46,45,70,61,48,71,341,56.83,D,ECE
1748,Ava Brown,91,45,70,76,92,70,444,74.0,B,ISE
1749,Ethan Williams,73,52,93,80,61,59,418,69.67,C,EEE
1750,Liam Garcia,94,70,62,56,66,98,446,74.33,B,ISE
1751,Mia Garcia,42,72,95,44,97,61,411,68.5,C,ECE
1752,Ethan Smith,47,45,62,71,64,93,382,63.67,C,EEE
1753,Noah Williams,94,55,93,89,47,75,453,75.5,B,CSE
1754,Mia Williams,43,63,70,51,56,67,350,58.33,D,ECE
1755,Liam Johnson,67,64,50,78,77,77,413,68.83,C,EEE
1756,Emma Garcia,50,61,41,60,99,55,366,61.0,C,CSE
1757,Ava Jones,84,47,41,93,99,43,407,67.83,C,ECE
1758,Mia Williams,47,97,97,52,85,66,444,74.0,B,ISE
1759,Sophia Brown,56,92,48,57,82,88,423,70.5,B,ISE
1760,Emma Smith,95,74,68,65,90,90,482,80.33,B,ISE
1761,Mason Smith,44,90,82,67,53,46,382,63.67,C,CSE
1762,Olivia Williams,77,65,55,100,81,59,437,72.83,B,CSE
1763,Mason Williams,41,79,76,83,56,43,378,63.0,C,ECE
1764,Emma Davis,58,45,91,47,46,43,330,55.0,D,CSE
1765,Noah Johnson,66,68,40,76,64,68,382,63.67,C,ECE
1766,Ava Garcia,44,72,48,43,80,74,361,60.17,C,ISE
1767,Noah Smith,49,42,74,97,64,73,399,66.5,C,ISE
1768,Ava Johnson,75,90,77,62,68,62,434,72.33,B,EEE
1769,Sophia Johnson,71,42,71,68,66,45,363,60.5,C,EEE
1770,Ava Jones,42,60,81,72,64,96,415,69.17,C,EEE
1771,Emma Williams,93,58,96,65,99,49,460,76.67,B,CSE
1772,Emma Davis,62,87,90,100,49,48,436,72.67,B,CSE
1773,Liam Jones,82,41,45,63,88,55,374,62.33,C,ISE
1774,Liam Garcia,93,47,54,100,72,56,422,70.33,B,CSE
1775,Sophia Garcia,75,75,96,88,54,99,487,81.17,B,ISE
1776,Mia Miller,45,53,69,54,74,98,393,65.5,C,ISE
1777,Sophia Brown,47,61,58,53,64,42,325,54.17,D,EEE
1778,Olivia Jones,48,99,43,70,67,44,371,61.83,C,CSE
1779,Ethan Smith,84,93,52,79,50,52,410,68.33,C,CSE
1780,Sophia Smith,96,86,91,98,67,98,536,89.33,A,ECE
1781,Mason Johnson,79,84,93,61,95,47,459,76.5,B,CSE
1782,Noah Smith,44,60,94,100,69,67,434,72.33,B,CSE
1783,Mason Davis,85,59,47,82,68,65,406,67.67,C,ECE
1784,Sophia Garcia,83,78,65,93,55,73,447,74.5,B,ECE
1785,Emma Williams,64,88,96,89,78,68,483,80.5,B,ECE
1786,Noah Williams,100,59,48,55,71,61,394,65.67,C,CSE
1787,Olivia Garcia,85,58,44,83,63,83,416,69.33,C,CSE
1788,Mason Smith,88,54,55,58,71,55,381,63.5,C,ECE
1789,Lucas Davis,70,98,70,67,81,59,445,74.17,B,CSE
1790,Sophia Davis,88,53,93,60,63,58,415,69.17,C,EEE
1791,Ethan Davis,52,63,41,59,81,84,380,63.33,C,ECE
1792,Ethan Jones,91,97,58,98,44,75,463,77.17,B,EEE
1793,Olivia Miller,97,83,64,88,49,59,440,73.33,B,ECE
1794,Lucas Garcia,83,89,79,63,46,61,421,70.17,B,EEE
1795,Lucas Smith,72,93,54,93,59,54,425,70.83,B,EEE
1796,Mason Brown,43,100,75,90,61,81,450,75.0,B,CSE
1797,Emma Smith,100,46,53,90,78,75,442,73.67,B,ISE
1798,Sophia Brown,98,90,66,78,60,59,451,75.17,B,ECE
1799,Liam Smith,74,75,74,47,89,65,424,70.67,B,ISE
1800,Emma Miller,57,41,83,87,49,91,408,68.0,C,CSE
1801,Mia Garcia,89,73,40,63,44,56,365,60.83,C,CSE
1802,Olivia Davis,100,79,46,99,40,57,421,70.17,B,ISE
1803,Noah Smith,73,66,44,84,48,60,375,62.5,C,EEE
1804,Olivia Johnson,56,44,91,46,94,97,428,71.33,B,EEE
1805,Liam Johnson,59,95,83,43,55,84,419,69.83,C,ISE
1806,Ava Johnson,58,47,49,41,67,78,340,56.67,D,EEE
1807,Sophia Miller,66,90,99,80,95,97,527,87.83,A,EEE
1808,Emma Smith,63,50,41,74,81,41,350,58.33,D,CSE
1809,Ethan Garcia,62,65,67,89,95,62,440,73.33,B,ISE
1810,Mia Davis,74,74,67,95,53,44,407,67.83,C,ISE
1811,Mason Miller,81,78,56,44,88,40,387,64.5,C,EEE
1812,Noah Jones,97,40,76,72,71,48,404,67.33,C,CSE
1813,Lucas Williams,80,96,94,55,49,94,468,78.0,B,ECE
1814,Emma Smith,70,45,93,99,88,84,479,79.83,B,EEE
1815,Sophia Davis,64,90,98,86,57,93,488,81.33,B,EEE
1816,Mason Brown,88,69,41,68,71,87,424,70.67,B,ISE
1817,Ava Garcia,64,65,74,49,57,44,353,58.83,D,ISE
1818,Ethan Miller,91,87,59,61,52,46,396,66.0,C,ISE
1819,Emma Davis,72,72,76,78,50,83,431,71.83,B,CSE
1820,Liam Miller,96,71,55,99,77,50,448,74.67,B,CSE
1821,Lucas Brown,61,53,40,75,66,91,386,64.33,C,CSE
1822,Noah Garcia,80,88,52,67,58,57,402,67.0,C,ECE
1823,Liam Jones,48,83,83,72,96,71,453,75.5,B,ECE
1824,Mia Davis,76,89,100,60,76,48,449,74.83,B,CSE
1825,Ava Brown,76,53,76,45,92,67,409,68.17,C,EEE
1826,Noah Williams,46,91,50,61,70,99,417,69.5,C,ECE
1827,Mia Miller,68,94,48,48,94,96,448,74.67,B,ISE
1828,Liam Smith,82,67,87,50,88,54,428,71.33,B,ISE
1829,Noah Miller,79,64,76,61,82,71,433,72.17,B,EEE
1830,Mia Miller,42,65,91,57,88,83,426,71.0,B,CSE
1831,Ava Davis,78,59,45,52,90,85,409,68.17,C,ISE
1832,Noah Garcia,44,56,54,50,71,57,332,55.33,D,ECE
1833,Lucas Garcia,64,50,46,52,43,54,309,51.5,D,ISE
1834,Liam Johnson,80,92,42,91,88,79,472,78.67,B,ECE
1835,Olivia Miller,96,44,78,50,41,79,388,64.67,C,EEE
1836,Noah Garcia,43,98,77,45,50,66,379,63.17,C,EEE
1837,Mia Johnson,58,64,58,48,69,47,344,57.33,D,ECE
1838,Sophia Johnson,82,66,58,88,53,85,432,72.0,B,EEE
1839,Liam Johnson,96,89,91,78,53,78,485,80.83,B,CSE
1840,Noah Williams,78,53,84,44,58,84,401,66.83,C,CSE
1841,Mason Smith,62,75,64,99,45,99,444,74.0,B,CSE
1842,Ava Davis,68,65,68,62,42,71,376,62.67,C,ECE
1843,Mason Smith,68,47,78,51,84,73,401,66.83,C,EEE
1844,Ethan Miller,51,52,66,51,75,99,394,65.67,C,ISE
1845,Liam Johnson,72,88,91,74,48,54,427,71.17,B,ISE
1846,Ethan Williams,40,100,86,81,55,77,439,73.17,B,CSE
1847,Lucas Davis,78,78,81,55,58,57,407,67.83,C,ISE
1848,Sophia Smith,43,88,50,94,49,80,404,67.33,C,ISE
1849,Ava Williams,73,83,88,97,47,80,468,78.0,B,EEE
1850,Sophia Jones,74,63,94,68,96,45,440,73.33,B,ECE
1851,Ava Miller,51,46,79,91,76,63,406,67.67,C,EEE
1852,Mason Davis,81,65,60,87,96,49,438,73.0,B,EEE
1853,Olivia Williams,91,48,79,95,79,58,450,75.0,B,ISE
1854,Mason Davis,74,58,82,100,74,47,435,72.5,B,CSE
1855,Olivia Brown,54,56,73,70,64,95,412,68.67,C,ISE
1856,Lucas Miller,52,60,84,92,60,85,433,72.17,B,EEE
1857,Liam Johnson,94,92,76,53,83,76,474,79.0,B,ECE
1858,Ethan Johnson,61,93,96,52,71,93,466,77.67,B,CSE
1859,Mason Smith,42,75,53,53,49,84,356,59.33,D,CSE
1860,Ethan Smith,51,91,55,78,53,77,405,67.5,C,ECE
1861,Ava Davis,70,60,52,60,79,44,365,60.83,C,ISE
1862,Emma Jones,100,47,71,55,41,47,361,60.17,C,EEE
1863,Sophia Miller,92,55,85,53,89,41,415,69.17,C,ECE
1864,Noah Brown,73,75,90,91,57,86,472,78.67,B,CSE
1865,Olivia Garcia,67,59,99,90,89,74,478,79.67,B,ISE
1866,Emma Williams,91,98,53,88,55,86,471,78.5,B,ECE
1867,Sophia Williams,76,59,65,71,55,57,383,63.83,C,EEE
1868,Mia Jones,56,94,63,83,66,64,426,71.0,B,CSE
1869,Emma Smith,93,41,47,96,47,54,378,63.0,C,EEE
1870,Ava Davis,91,75,71,87,57,57,438,73.0,B,CSE
1871,Sophia Garcia,47,63,64,82,69,64,389,64.83,C,ISE
1872,Olivia Smith,62,49,98,69,51,75,404,67.33,C,ECE
1873,Ethan Miller,68,72,41,96,69,77,423,70.5,B,CSE
1874,Mason Miller,71,81,68,87,85,68,460,76.67,B,ECE
1875,Liam Garcia,65,74,61,96,77,92,465,77.5,B,ECE
1876,Noah Johnson,84,69,53,73,81,87,447,74.5,B,CSE
1877,Noah Williams,65,91,49,88,62,42,397,66.17,C,ECE
1878,Ethan Johnson,88,97,52,56,49,70,412,68.67,C,EEE
1879,Mason Garcia,56,45,90,64,81,44,380,63.33,C,EEE
1880,Liam Brown,46,44,74,91,72,80,407,67.83,C,ECE
1881,Olivia Jones,61,79,78,48,84,80,430,71.67,B,ECE
1882,Mia Smith,94,96,85,72,90,44,481,80.17,B,ECE
1883,Mason Brown,49,57,77,81,74,95,433,72.17,B,ISE
1884,Olivia Garcia,79,56,50,81,47,69,382,63.67,C,ECE
1885,Emma Davis,90,48,46,73,58,93,408,68.0,C,ECE
1886,Noah Williams,93,65,51,60,72,84,425,70.83,B,ECE
1887,Ava Jones,58,75,87,70,55,56,401,66.83,C,CSE
1888,Sophia Davis,59,74,57,53,81,99,423,70.5,B,CSE
1889,Lucas Brown,79,61,79,55,56,73,403,67.17,C,ISE
1890,Emma Davis,43,56,54,57,47,48,305,50.83,D,ECE
1891,Ava Brown,100,62,66,55,89,45,417,69.5,C,EEE
1892,Ava Garcia,48,45,78,75,96,44,386,64.33,C,CSE
1893,Emma Miller,73,78,59,80,80,67,437,72.83,B,ISE
1894,Liam Williams,69,46,94,44,96,77,426,71.0,B,ISE
1895,Emma Williams,64,91,51,65,91,82,444,74.0,B,ECE
1896,Emma Smith,62,53,48,66,72,73,374,62.33,C,ECE
1897,Ethan Brown,62,54,56,49,83,61,365,60.83,C,ISE
1898,Noah Johnson,83,69,62,49,89,53,405,67.5,C,EEE
1899,Emma Garcia,64,50,98,53,63,43,371,61.83,C,CSE
1900,Noah Williams,41,87,82,45,97,83,435,72.5,B,CSE
1901,Noah Johnson,89,93,49,90,84,73,478,79.67,B,EEE
1902,Ava Williams,94,50,88,69,64,41,406,67.67,C,EEE
1903,Olivia Williams,82,58,71,99,54,77,441,73.5,B,EEE
1904,Noah Brown,98,47,81,51,95,71,443,73.83,B,ECE
1905,Noah Johnson,60,73,83,42,100,40,398,66.33,C,CSE
1906,Noah Johnson,40,42,64,56,90,63,355,59.17,D,ECE
1907,Emma Brown,69,54,43,81,64,86,397,66.17,C,ISE
1908,Emma Miller,100,67,41,88,92,69,457,76.17,B,ISE
1909,Olivia Williams,90,72,58,80,77,60,437,72.83,B,EEE
1910,Ava Miller,88,84,74,42,90,60,438,73.0,B,ISE
1911,Liam Johnson,54,42,40,71,87,75,369,61.5,C,CSE
1912,Lucas Johnson,93,92,50,71,66,69,441,73.5,B,ISE
1913,Ethan Williams,53,91,73,50,100,95,462,77.0,B,CSE
1914,Sophia Davis,95,100,42,59,87,79,462,77.0,B,ISE
1915,Emma Johnson,77,42,47,45,72,60,343,57.17,D,ECE
1916,Ava Miller,50,56,85,63,45,94,393,65.5,C,ECE
1917,Ava Williams,55,49,80,64,74,68,390,65.0,C,EEE
1918,Emma Smith,65,63,89,40,57,69,383,63.83,C,EEE
1919,Lucas Johnson,78,76,59,67,51,63,394,65.67,C,ECE
1920,Liam Williams,53,70,96,79,89,80,467,77.83,B,ISE
1921,Lucas Jones,55,86,93,74,74,62,444,74.0,B,ECE
1922,Liam Garcia,60,65,66,45,85,75,396,66.0,C,ISE
1923,Olivia Johnson,64,52,55,91,73,55,390,65.0,C,CSE
1924,Olivia Williams,63,99,83,87,61,79,472,78.67,B,ECE
1925,Mia Smith,60,77,42,73,80,58,390,65.0,C,CSE
1926,Mason Miller,92,94,72,69,71,45,443,73.83,B,ECE
1927,Ethan Smith,47,64,65,65,97,74,412,68.67,C,CSE
1928,Lucas Davis,79,67,88,69,99,72,474,79.0,B,ISE
1929,Emma Davis,45,77,66,85,55,97,425,70.83,B,ISE
1930,Emma Miller,55,73,62,45,96,84,415,69.17,C,ISE
1931,Olivia Davis,44,90,76,43,47,88,388,64.67,C,EEE
1932,Liam Jones,57,95,89,68,67,82,458,76.33,B,ISE
1933,Sophia Brown,76,63,85,100,47,80,451,75.17,B,CSE
1934,Mia Johnson,61,93,52,93,83,57,439,73.17,B,CSE
1935,Emma Garcia,82,99,47,95,85,99,507,84.5,B,EEE
1936,Emma Johnson,49,99,44,95,65,66,418,69.67,C,ECE
1937,Emma Brown,79,67,58,56,81,50,391,65.17,C,CSE
1938,Lucas Brown,95,92,80,64,49,59,439,73.17,B,CSE
1939,Sophia Garcia,76,42,83,64,100,48,413,68.83,C,CSE
1940,Lucas Garcia,45,98,44,67,53,46,353,58.83,D,EEE
1941,Sophia Williams,49,81,73,76,98,62,439,73.17,B,ECE
1942,Sophia Smith,51,96,86,85,58,55,431,71.83,B,ECE
1943,Ava Smith,98,97,99,94,77,89,554,92.33,A,ISE
1944,Sophia Jones,62,44,82,59,96,92,435,72.5,B,CSE
1945,Ethan Miller,66,88,92,95,81,75,497,82.83,B,EEE
1946,Lucas Miller,77,90,81,51,88,80,467,77.83,B,ECE
1947,Noah Jones,65,41,88,63,43,94,394,65.67,C,ISE
1948,Olivia Jones,67,85,42,59,43,75,371,61.83,C,EEE
1949,Olivia Johnson,46,100,44,53,95,93,431,71.83,B,ISE
1950,Mia Jones,59,82,52,67,77,55,392,65.33,C,EEE
1951,Olivia Jones,81,61,98,78,57,69,444,74.0,B,EEE
1952,Olivia Garcia,74,64,68,59,70,77,412,68.67,C,ECE
1953,Olivia Davis,91,97,49,64,95,41,437,72.83,B,ECE
1954,Olivia Smith,64,88,47,92,98,57,446,74.33,B,ISE
1955,Ethan Johnson,72,43,91,45,45,94,390,65.0,C,ISE
1956,Olivia Johnson,76,49,98,70,99,43,435,72.5,B,ISE
1957,Emma Jones,68,53,47,86,67,66,387,64.5,C,EEE
1958,Sophia Miller,76,88,45,77,72,98,456,76.0,B,ISE
1959,Noah Brown,71,65,55,40,89,69,389,64.83,C,EEE
1960,Emma Jones,70,96,84,89,77,41,457,76.17,B,EEE
1961,Liam Jones,94,41,83,89,59,98,464,77.33,B,EEE
1962,Sophia Miller,80,43,59,99,62,94,437,72.83,B,ECE
1963,Liam Jones,52,49,43,82,77,63,366,61.0,C,EEE
1964,Lucas Brown,49,71,62,76,99,58,415,69.17,C,EEE
1965,Ethan Garcia,52,89,70,77,90,84,462,77.0,B,EEE
1966,Emma Garcia,86,99,90,59,54,71,459,76.5,B,ISE
1967,Emma Jones,99,84,97,64,65,55,464,77.33,B,CSE
1968,Liam Brown,94,85,95,66,70,40,450,75.0,B,ECE
1969,Ava Williams,100,55,99,85,55,100,494,82.33,B,CSE
1970,Mia Garcia,40,63,40,62,48,97,350,58.33,D,ECE
1971,Mia Davis,41,49,82,83,75,90,420,70.0,B,CSE
1972,Ava Garcia,94,48,41,85,91,84,443,73.83,B,CSE
1973,Olivia Johnson,51,59,70,66,57,96,399,66.5,C,ECE
1974,Mason Jones,48,45,100,71,67,82,413,68.83,C,ECE
1975,Emma Williams,46,56,82,99,83,68,434,72.33,B,ECE
1976,Lucas Smith,57,63,78,82,64,53,397,66.17,C,ECE
1977,Mason Smith,86,47,73,92,97,75,470,78.33,B,CSE
1978,Emma Garcia,99,96,92,76,59,52,474,79.0,B,ECE
1979,Mia Garcia,77,62,77,60,60,42,378,63.0,C,CSE
1980,Sophia Johnson,66,99,92,46,83,46,432,72.0,B,CSE
1981,Noah Johnson,50,44,66,45,96,55,356,59.33,D,ECE
1982,Mason Williams,60,92,95,75,71,43,436,72.67,B,CSE
1983,Mason Garcia,78,86,80,42,75,53,414,69.0,C,ECE
1984,Olivia Miller,77,56,70,47,44,49,343,57.17,D,ECE
1985,Ava Williams,71,85,40,59,71,78,404,67.33,C,EEE
1986,Olivia Brown,86,100,70,91,63,95,505,84.17,B,CSE
1987,Lucas Williams,95,98,75,68,49,54,439,73.17,B,CSE
1988,Olivia Garcia,48,64,71,90,100,47,420,70.0,B,EEE
1989,Ava Williams,83,87,59,71,45,50,395,65.83,C,CSE
1990,Emma Davis,94,67,43,75,63,55,397,66.17,C,ECE
1991,Lucas Smith,84,81,94,73,53,87,472,78.67,B,ISE
1992,Emma Jones,57,55,59,68,42,93,374,62.33,C,CSE
1993,Ava Garcia,98,46,41,52,92,44,373,62.17,C,EEE
1994,Emma Davis,58,76,63,81,65,71,414,69.0,C,ECE
1995,Sophia Miller,67,88,98,88,46,66,453,75.5,B,CSE
1996,Emma Davis,88,71,74,82,77,70,462,77.0,B,CSE
1997,Lucas Brown,83,43,62,47,93,45,373,62.17,C,ECE
1998,Noah Miller,44,77,81,67,85,56,410,68.33,C,ECE
1999,Lucas Garcia,80,64,59,70,41,54,368,61.33,C,CSE
2000,Mason Williams,98,84,80,87,80,40,469,78.17,B,CSE
2001,Ethan Jones,56,49,46,86,90,83,410,68.33,C,ISE
2002,Lucas Johnson,68,86,40,45,54,87,380,63.33,C,ECE
2003,Mason Brown,68,71,47,78,74,49,387,64.5,C,CSE
2004,Emma Miller,97,47,78,87,53,66,428,71.33,B,ECE
2005,Mason Davis,55,62,47,62,77,63,366,61.0,C,CSE
2006,Mason Miller,45,67,81,78,96,93,460,76.67,B,ISE
2007,Emma Brown,68,77,100,41,75,62,423,70.5,B,ISE
2008,Olivia Garcia,45,75,91,80,71,80,442,73.67,B,ECE
2009,Ethan Jones,55,93,89,78,72,50,437,72.83,B,CSE
2010,Mia Smith,86,88,80,48,71,45,418,69.67,C,ISE
2011,Liam Williams,55,42,48,99,42,71,357,59.5,D,ISE
2012,Lucas Davis,87,44,69,77,89,82,448,74.67,B,EEE
2013,Ethan Jones,52,54,66,94,41,94,401,66.83,C,EEE
2014,Ethan Williams,48,52,94,96,77,65,432,72.0,B,EEE
2015,Liam Williams,68,73,40,56,70,89,396,66.0,C,CSE
2016,Lucas Smith,98,84,88,67,85,59,481,80.17,B,EEE
2017,Noah Williams,66,91,53,72,47,49,378,63.0,C,CSE
2018,Ava Williams,69,52,86,78,58,41,384,64.0,C,ECE
2019,Lucas Jones,93,90,48,64,40,52,387,64.5,C,ISE
2020,Emma Garcia,83,99,70,67,71,40,430,71.67,B,CSE
2021,Olivia Smith,95,51,65,51,63,62,387,64.5,C,CSE
2022,Mason Garcia,94,97,100,77,87,78,533,88.83,A,EEE
2023,Olivia Miller,53,88,83,63,72,59,418,69.67,C,CSE
2024,Ava Davis,87,43,90,66,50,84,420,70.0,B,ECE
2025,Noah Davis,92,61,89,43,66,69,420,70.0,B,CSE
2026,Sophia Smith,69,47,45,88,55,100,404,67.33,C,ISE
2027,Ethan Jones,51,92,78,42,91,68,422,70.33,B,ISE
2028,Mason Garcia,75,57,58,85,63,57,395,65.83,C,ISE
2029,Mason Smith,54,40,48,41,77,72,332,55.33,D,ISE
2030,Ava Garcia,95,46,47,41,52,48,329,54.83,D,EEE
2031,Mason Williams,66,70,89,68,79,90,462,77.0,B,CSE
2032,Liam Smith,43,67,87,58,68,87,410,68.33,C,CSE
2033,Lucas Davis,71,65,64,92,63,47,402,67.0,C,ECE
2034,Mason Garcia,65,96,79,67,40,82,429,71.5,B,ECE
2035,Ava Jones,70,55,94,51,48,69,387,64.5,C,EEE
2036,Sophia Smith,74,92,71,58,67,57,419,69.83,C,ECE
2037,Emma Davis,59,88,87,55,41,50,380,63.33,C,CSE
2038,Noah Garcia,92,90,75,46,51,96,450,75.0,B,ISE
2039,Mason Jones,86,56,86,68,83,99,478,79.67,B,CSE
2040,Emma Miller,84,63,71,50,89,97,454,75.67,B,ISE
2041,Ava Davis,79,81,46,81,61,55,403,67.17,C,EEE
2042,Sophia Jones,62,95,48,42,76,72,395,65.83,C,CSE
2043,Olivia Davis,92,90,69,60,91,47,449,74.83,B,EEE
2044,Liam Brown,65,56,88,53,65,50,377,62.83,C,EEE
2045,Olivia Williams,50,88,73,99,78,85,473,78.83,B,ECE
2046,Lucas Smith,55,42,49,74,52,52,324,54.0,D,CSE
2047,Ava Williams,45,59,91,48,73,51,367,61.17,C,EEE
2048,Mason Garcia,95,51,97,97,87,53,480,80.0,B,ISE
2049,Ava Miller,72,80,71,88,77,59,447,74.5,B,ECE
2050,Liam Jones,70,60,89,86,100,57,462,77.0,B,CSE
2051,Ava Davis,64,72,65,75,56,45,377,62.83,C,ECE
2052,Lucas Garcia,85,46,43,87,60,61,382,63.67,C,CSE
2053,Emma Davis,56,46,64,82,94,49,391,65.17,C,ISE
2054,Mia Smith,90,66,70,97,68,78,469,78.17,B,ECE
2055,Lucas Johnson,57,90,50,46,86,79,408,68.0,C,ECE
2056,Ethan Davis,85,80,63,52,45,99,424,70.67,B,CSE
2057,Ethan Williams,70,67,98,50,57,46,388,64.67,C,CSE
2058,Liam Johnson,61,100,41,88,66,62,418,69.67,C,ECE
2059,Ava Davis,76,70,88,63,99,76,472,78.67,B,ISE
2060,Mason Smith,40,53,61,52,84,59,349,58.17,D,CSE
2061,Liam Williams,73,96,68,62,51,74,424,70.67,B,EEE
2062,Olivia Brown,66,96,62,56,45,45,370,61.67,C,CSE
2063,Sophia Miller,44,69,65,84,81,89,432,72.0,B,ECE
2064,Ethan Jones,84,83,72,77,79,82,477,79.5,B,EEE
2065,Liam Williams,85,56,82,93,48,91,455,75.83,B,EEE
2066,Olivia Williams,41,44,49,43,63,59,299,49.83,D,EEE
2067,Mia Johnson,72,74,89,51,94,92,472,78.67,B,ISE
2068,Olivia Williams,61,74,71,56,99,98,459,76.5,B,EEE
2069,Olivia Smith,44,92,94,55,54,78,417,69.5,C,CSE
2070,Noah Smith,56,83,67,61,40,51,358,59.67,D,CSE
2071,Emma Davis,76,80,56,43,96,64,415,69.17,C,CSE
2072,Mason Smith,97,60,98,98,83,58,494,82.33,B,CSE
2073,Ava Davis,76,69,91,74,90,53,453,75.5,B,ECE
2074,Ethan Brown,99,88,66,46,86,77,462,77.0,B,EEE
2075,Ethan Johnson,49,67,42,78,61,63,360,60.0,C,ECE
2076,Sophia Williams,60,70,56,78,97,98,459,76.5,B,EEE
2077,Liam Davis,89,61,92,57,87,71,457,76.17,B,EEE
2078,Lucas Brown,53,90,56,59,76,94,428,71.33,B,EEE
2079,Ethan Davis,64,61,93,66,100,85,469,78.17,B,EEE
2080,Olivia Garcia,47,85,73,57,87,45,394,65.67,C,EEE
2081,Ava Miller,41,42,100,57,94,50,384,64.0,C,ECE
2082,Mia Garcia,84,52,64,91,73,91,455,75.83,B,ISE
2083,Liam Brown,83,53,40,79,60,75,390,65.0,C,ISE
2084,Olivia Smith,77,44,93,77,65,96,452,75.33,B,CSE
2085,Emma Smith,44,92,47,97,59,83,422,70.33,B,ISE
2086,Mason Williams,49,60,94,75,65,100,443,73.83,B,ECE
2087,Mia Miller,50,66,88,56,66,46,372,62.0,C,EEE
2088,Emma Miller,91,63,62,70,48,86,420,70.0,B,CSE
2089,Olivia Brown,65,100,90,95,72,53,475,79.17,B,ECE
2090,Ethan Williams,54,99,50,62,76,47,388,64.67,C,CSE
2091,Emma Smith,79,44,71,63,71,73,401,66.83,C,CSE
2092,Mason Miller,91,48,83,95,82,54,453,75.5,B,ECE
2093,Liam Brown,75,64,74,72,70,57,412,68.67,C,CSE
2094,Liam Miller,53,77,64,44,46,61,345,57.5,D,EEE
2095,Ava Garcia,77,84,98,60,86,79,484,80.67,B,EEE
2096,Liam Jones,56,43,58,93,44,68,362,60.33,C,CSE
2097,Sophia Miller,90,98,65,67,55,58,433,72.17,B,EEE
2098,Liam Garcia,52,72,97,69,100,88,478,79.67,B,CSE
2099,Ava Brown,48,91,41,44,59,69,352,58.67,D,CSE
2100,Liam Smith,56,76,64,44,41,67,348,58.0,D,CSE
2101,Ava Johnson,41,82,97,79,40,53,392,65.33,C,EEE
2102,Liam Davis,89,75,83,55,64,90,456,76.0,B,EEE
2103,Olivia Miller,75,56,55,46,71,53,356,59.33,D,CSE
2104,Mason Davis,43,85,94,86,50,53,411,68.5,C,ECE
2105,Sophia Williams,45,76,64,70,97,56,408,68.0,C,ECE
2106,Mia Davis,66,40,42,85,99,84,416,69.33,C,ISE
2107,Noah Jones,74,73,96,100,96,54,493,82.17,B,ECE
2108,Ethan Williams,64,75,79,80,81,80,459,76.5,B,CSE
2109,Liam Smith,47,70,66,43,97,80,403,67.17,C,ECE
2110,Mason Jones,91,79,50,51,79,100,450,75.0,B,ISE
2111,Olivia Garcia,77,75,80,98,71,96,497,82.83,B,ECE
2112,Ava Garcia,96,81,97,88,96,52,510,85.0,A,ISE
2113,Noah Williams,69,82,47,76,87,57,418,69.67,C,EEE
2114,Emma Davis,62,48,68,46,45,78,347,57.83,D,ECE
2115,Liam Garcia,93,69,81,49,52,84,428,71.33,B,ECE
2116,Liam Miller,63,87,43,96,65,94,448,74.67,B,EEE
2117,Mason Williams,99,52,56,92,66,61,426,71.0,B,ISE
2118,Noah Davis,53,46,75,90,82,45,391,65.17,C,ECE
2119,Liam Brown,80,74,95,87,46,67,449,74.83,B,ECE
2120,Mason Davis,97,61,61,58,40,41,358,59.67,D,ECE
2121,Mason Brown,84,56,44,67,84,56,391,65.17,C,ECE
2122,Liam Johnson,45,56,53,78,95,62,389,64.83,C,EEE
2123,Ethan Davis,76,82,42,67,82,56,405,67.5,C,ISE
2124,Ava Davis,64,64,90,84,96,51,449,74.83,B,EEE
2125,Mason Brown,40,66,69,70,94,41,380,63.33,C,ECE
2126,Olivia Williams,68,41,75,84,96,98,462,77.0,B,ECE
2127,Sophia Williams,66,48,90,70,53,71,398,66.33,C,ECE
2128,Mason Davis,72,100,82,100,69,70,493,82.17,B,EEE
2129,Lucas Brown,49,79,89,45,40,44,346,57.67,D,CSE
2130,Emma Jones,100,86,93,40,98,65,482,80.33,B,CSE
2131,Olivia Miller,83,96,73,44,91,96,483,80.5,B,CSE
2132,Lucas Garcia,84,76,51,76,88,84,459,76.5,B,CSE
2133,Olivia Smith,81,69,79,71,83,64,447,74.5,B,CSE
2134,Mia Williams,86,98,61,84,51,52,432,72.0,B,ECE
2135,Sophia Davis,44,62,100,49,55,48,358,59.67,D,ECE
2136,Lucas Davis,95,63,81,54,76,47,416,69.33,C,ISE
2137,Noah Jones,94,48,48,80,60,81,411,68.5,C,ISE
2138,Mason Davis,83,83,89,71,90,46,462,77.0,B,CSE
2139,Mason Miller,53,50,70,48,70,82,373,62.17,C,ISE
2140,Liam Miller,54,95,98,41,40,41,369,61.5,C,ECE
2141,Lucas Brown,69,44,55,87,91,91,437,72.83,B,ISE
2142,Olivia Miller,48,79,90,95,79,86,477,79.5,B,ISE
2143,Noah Garcia,98,56,64,41,71,49,379,63.17,C,ECE
2144,Ava Miller,90,50,84,40,87,98,449,74.83,B,CSE
2145,Noah Johnson,77,41,86,69,50,85,408,68.0,C,ISE
2146,Mia Miller,64,66,61,78,43,83,395,65.83,C,ISE
2147,Mia Garcia,54,52,48,60,71,78,363,60.5,C,ECE
2148,Mason Williams,100,59,77,50,94,80,460,76.67,B,CSE
2149,Liam Garcia,76,86,77,78,93,83,493,82.17,B,ISE
2150,Emma Miller,92,61,50,76,77,59,415,69.17,C,ECE
2151,Ava Johnson,89,42,67,43,92,44,377,62.83,C,EEE
2152,Ethan Davis,63,88,48,75,58,91,423,70.5,B,ECE
2153,Emma Johnson,94,91,68,79,68,86,486,81.0,B,ECE
2154,Noah Miller,48,60,88,43,62,76,377,62.83,C,CSE
2155,Noah Jones,47,72,67,58,86,40,370,61.67,C,ISE
2156,Noah Williams,81,42,40,81,91,54,389,64.83,C,CSE
2157,Liam Brown,86,71,71,95,49,40,412,68.67,C,ECE
2158,Ava Williams,100,91,93,48,53,78,463,77.17,B,CSE
2159,Ethan Miller,86,70,49,90,70,85,450,75.0,B,ISE
2160,Emma Miller,61,61,90,90,64,45,411,68.5,C,CSE
2161,Liam Johnson,65,60,49,43,92,42,351,58.5,D,ISE
2162,Olivia Garcia,53,40,100,81,91,73,438,73.0,B,ECE
2163,Olivia Garcia,95,98,46,46,95,80,460,76.67,B,ISE
2164,Liam Miller,77,94,83,77,92,66,489,81.5,B,CSE
2165,Ava Johnson,82,78,60,89,57,50,416,69.33,C,CSE
2166,Liam Miller,91,76,56,59,75,69,426,71.0,B,EEE
2167,Lucas Brown,95,75,54,87,82,58,451,75.17,B,CSE
2168,Sophia Garcia,78,92,45,48,91,61,415,69.17,C,CSE
2169,Ethan Johnson,90,47,78,87,67,55,424,70.67,B,EEE
2170,Liam Brown,45,70,75,41,43,61,335,55.83,D,EEE
2171,Ava Jones,55,56,50,78,73,42,354,59.0,D,ISE
2172,Mia Brown,43,75,75,67,63,84,407,67.83,C,CSE
2173,Mia Williams,57,43,65,98,76,98,437,72.83,B,ECE
2174,Emma Jones,75,44,58,81,49,72,379,63.17,C,CSE
2175,Noah Johnson,50,47,100,70,56,78,401,66.83,C,CSE
2176,Ava Miller,54,90,60,52,88,45,389,64.83,C,CSE
2177,Olivia Jones,55,86,40,47,52,65,345,57.5,D,ECE
2178,Ava Brown,92,72,76,91,72,75,478,79.67,B,ISE
2179,Olivia Garcia,69,77,56,76,70,90,438,73.0,B,EEE
2180,Lucas Miller,57,85,61,76,94,47,420,70.0,B,EEE
2181,Lucas Johnson,90,59,88,80,86,75,478,79.67,B,EEE
2182,Mia Williams,54,80,86,42,61,65,388,64.67,C,CSE
2183,Ethan Garcia,71,54,61,48,69,89,392,65.33,C,ECE
2184,Olivia Jones,85,58,41,89,49,84,406,67.67,C,ISE
2185,Lucas Williams,45,79,89,71,73,59,416,69.33,C,CSE
2186,Ethan Johnson,73,43,100,86,40,51,393,65.5,C,ECE
2187,Lucas Johnson,95,91,90,59,95,56,486,81.0,B,ISE
2188,Noah Miller,93,97,97,76,47,49,459,76.5,B,ECE
2189,Mia Garcia,56,94,41,53,90,92,426,71.0,B,ECE
2190,Ethan Johnson,71,70,72,74,93,97,477,79.5,B,CSE
2191,Mia Miller,60,44,66,65,49,94,378,63.0,C,ISE
2192,Mia Davis,73,59,98,60,76,78,444,74.0,B,CSE
2193,Ethan Davis,99,80,60,58,72,75,444,74.0,B,EEE
2194,Ava Williams,78,41,45,73,61,68,366,61.0,C,CSE
2195,Ava Miller,53,99,83,97,98,89,519,86.5,A,ISE
2196,Sophia Brown,43,50,99,81,47,91,411,68.5,C,ISE
2197,Ethan Miller,87,75,59,45,70,86,422,70.33,B,CSE
2198,Ethan Williams,77,61,55,48,57,99,397,66.17,C,ECE
2199,Mason Brown,44,54,56,97,98,89,438,73.0,B,ECE
2200,Noah Williams,96,90,82,90,70,92,520,86.67,A,ISE
